Código Serventia;Nome da Serventia;Status;Alerta: Endereço;Alerta: CEP;Alerta: Telefone;Alerta: Email;Alerta: Código da Unidade de Origem (OOOO);Alerta: Juizo 100% Digital;Alerta: Data Adesão;Alerta: Data Término da Adesão;Alerta: Tipo de Unidade Judiciária;Alerta: Classificação da Unidade Judiciária;Alerta: Instalação;Alerta: Municípios Abrangidos;Alerta: Competências;Alerta: Geolocalização (latitude e longitude não correspondem aos limites geográficos do município informado);Alerta: Entrância;Alerta: Balcão Virtual;Alerta: Link do Balcão Virtual;Alerta: Telefone do Balcão Virtual;Alerta: Núcleo de Justiça 4.0;Alerta: Data início do Núcleo;Alerta: Data fim do Núcleo;
18160;AREIA BRANCA;Ativo;;;;;;;;;;;;;;Coordenadas da serventia não estão contidas na área abrangida pelo Município;;;;;;;;
18165;BREJO GRANDE;Ativo;;;;;;;;;;;;;;Coordenadas da serventia não estão contidas na área abrangida pelo Município;;;;;;;;
18155;CANHOBA;Ativo;;;;;;;;;;;;;;Coordenadas da serventia não estão contidas na área abrangida pelo Município;;;;;;;;
85954; CENTRO JUDICIÁRIO DE SOLUÇÃO DE CONFLITOS E CIDADANIA DE SANTA LUZIA;Ativo;;;;;;;;;;;;;;Coordenadas da serventia não estão contidas na área abrangida pelo Município;;;;;;;;
18162;CUMBE;Ativo;;;;;;;;;;;;;;Coordenadas da serventia não estão contidas na área abrangida pelo Município;;;;;;;;
18169;DIVINA PASTORA;Ativo;;;;;;;;;;;;;;Coordenadas da serventia não estão contidas na área abrangida pelo Município;;;;;;;;
18003;FEIRA NOVA;Ativo;;;;;;;;;;;;;;Coordenadas da serventia não estão contidas na área abrangida pelo Município;;;;;;;;
18148;GENERAL MAYNARD;Ativo;;;;;;;;;;;;;;Coordenadas da serventia não estão contidas na área abrangida pelo Município;;;;;;;;
18176;GRACHO CARDOSO;Ativo;;;;;;;;;;;;;;Coordenadas da serventia não estão contidas na área abrangida pelo Município;;;;;;;;
18166;ILHA DAS FLORES;Ativo;;;;;;;;;;;;;;Coordenadas da serventia não estão contidas na área abrangida pelo Município;;;;;;;;
18156;ITABI;Ativo;;;;;;;;;;;;;;Coordenadas da serventia não estão contidas na área abrangida pelo Município;;;;;;;;
18145;MACAMBIRA;Ativo;;;;;;;;;;;;;;Coordenadas da serventia não estão contidas na área abrangida pelo Município;;;;;;;;
18130;MONTE ALEGRE;Ativo;;;;;;;;;;;;;;Coordenadas da serventia não estão contidas na área abrangida pelo Município;;;;;;;;
89730;MURIBECA;Ativo;;;;;;;;;;;;;;Coordenadas da serventia não estão contidas na área abrangida pelo Município;;;;;;;;
18174;NOSSA SENHORA APARECIDA;Ativo;;;;;;;;;;;;;;Coordenadas da serventia não estão contidas na área abrangida pelo Município;;;;;;;;
18157;NOSSA SENHORA DE LOURDES;Ativo;;;;;;;;;;;;;;Coordenadas da serventia não estão contidas na área abrangida pelo Município;;;;;;;;
18153;PEDRA MOLE;Ativo;;;;;;;;;;;;;;Coordenadas da serventia não estão contidas na área abrangida pelo Município;;;;;;;;
18143;PEDRINHAS;Ativo;;;;;;;;;;;;;;Coordenadas da serventia não estão contidas na área abrangida pelo Município;;;;;;;;
18154;PINHÃO;Ativo;;;;;;;;;;;;;;Coordenadas da serventia não estão contidas na área abrangida pelo Município;;;;;;;;
18159;PIRAMBU;Ativo;;;;;;;;;;;;;;Coordenadas da serventia não estão contidas na área abrangida pelo Município;;;;;;;;
18149;ROSÁRIO DO CATETE;Ativo;;;;;;;;;;;;;;Coordenadas da serventia não estão contidas na área abrangida pelo Município;;;;;;;;
18132;SANTA LUZIA;Ativo;;;;;;;;;;;;;;Coordenadas da serventia não estão contidas na área abrangida pelo Município;;;;;;;;
18164;SANTANA DO SÃO FRANCISCO;Ativo;;;;;;;;;;;;;;Coordenadas da serventia não estão contidas na área abrangida pelo Município;;;;;;;;
18171;SANTA ROSA DE LIMA;Ativo;;;;;;;;;;;;;;Coordenadas da serventia não estão contidas na área abrangida pelo Município;;;;;;;;
18161;SANTO AMARO DAS BROTAS;Ativo;;;;;;;;;;;;;;Coordenadas da serventia não estão contidas na área abrangida pelo Município;;;;;;;;
18146;SÃO DOMINGOS;Ativo;;;;;;;;;;;;;;Coordenadas da serventia não estão contidas na área abrangida pelo Município;;;;;;;;
18151;SÃO FRANCISCO;Ativo;;;;;;;;;;;;;;Coordenadas da serventia não estão contidas na área abrangida pelo Município;;;;;;;;
18175;SÃO MIGUEL DO ALEIXO;Ativo;;;;;;;;;;;;;;Coordenadas da serventia não estão contidas na área abrangida pelo Município;;;;;;;;
18163;SIRIRI;Ativo;;;;;;;;;;;;;;Coordenadas da serventia não estão contidas na área abrangida pelo Município;;;;;;;;
18152;TOMAR DO GERU;Ativo;;;;;;;;;;;;;;Coordenadas da serventia não estão contidas na área abrangida pelo Município;;;;;;;;